pulseheight,counts,
1.342281879,0,
4.026845638,0,
6.711409396,0,
9.395973154,0,
12.08053691,0,
14.76510067,0,
17.44966443,0,
20.13422819,0,
22.81879195,0,
25.5033557,0,
28.18791946,0,
30.87248322,0,
33.55704698,0,
36.24161074,0,
38.9261745,0,
41.61073826,0,
44.29530201,0,
46.97986577,0,
49.66442953,0,
52.34899329,0,
55.03355705,0,
57.71812081,0,
60.40268456,0,
63.08724832,0,
65.77181208,0,
68.45637584,0,
71.1409396,0,
73.82550336,0,
76.51006711,0,
79.19463087,0,
81.87919463,0,
84.56375839,1,
87.24832215,0,
89.93288591,1,
92.61744966,0,
95.30201342,0,
97.98657718,1,
100.6711409,54,
103.3557047,63,
106.0402685,78,
108.7248322,91,
111.409396,92,
114.0939597,110,
116.7785235,102,
119.4630872,106,
122.147651,137,
124.8322148,126,
127.5167785,137,
130.2013423,160,
132.885906,178,
135.5704698,161,
138.2550336,204,
140.9395973,241,
143.6241611,276,
146.3087248,343,
148.9932886,348,
151.6778523,431,
154.3624161,482,
157.0469799,602,
159.7315436,798,
162.4161074,1005,
165.1006711,1313,
167.7852349,1764,
170.4697987,2410,
173.1543624,3536,
175.8389262,5894,
178.5234899,10924,
181.2080537,14648,
183.8926174,3132,
186.5771812,30,
189.261745,3,
191.9463087,2,
194.6308725,5,
197.3154362,3,
200,5,
202.6845638,4,
205.3691275,3,
208.0536913,4,
210.738255,8,
213.4228188,6,
216.1073826,11,
218.7919463,16,
221.4765101,17,
224.1610738,13,
226.8456376,13,
229.5302013,20,
232.2147651,19,
234.8993289,27,
237.5838926,24,
240.2684564,14,
242.9530201,20,
245.6375839,12,
248.3221477,8,
251.0067114,17,
253.6912752,10,
256.3758389,16,
259.0604027,13,
261.7449664,11,
264.4295302,17,
267.114094,7,
269.7986577,12,
272.4832215,12,
275.1677852,11,
277.852349,11,
280.5369128,11,
283.2214765,9,
285.9060403,10,
288.590604,7,
291.2751678,8,
293.9597315,13,
296.6442953,7,
299.3288591,78,
302.0134228,23,
304.6979866,8,
307.3825503,3,
310.0671141,0,
312.7516779,0,
315.4362416,0,
318.1208054,0,
320.8053691,0,
323.4899329,0,
326.1744966,0,
328.8590604,0,
331.5436242,0,
334.2281879,0,
336.9127517,0,
339.5973154,0,
342.2818792,0,
344.966443,0,
347.6510067,0,
350.3355705,0,
353.0201342,0,
355.704698,0,
358.3892617,0,
361.0738255,0,
363.7583893,0,
366.442953,0,
369.1275168,0,
371.8120805,0,
374.4966443,0,
377.1812081,0,
379.8657718,0,
382.5503356,0,
385.2348993,0,
387.9194631,0,
390.6040268,0,
393.2885906,0,
395.9731544,0,
398.6577181,0,
