pulseheight,counts,
1.342281879,0,
4.026845638,0,
6.711409396,0,
9.395973154,0,
12.08053691,0,
14.76510067,0,
17.44966443,0,
20.13422819,0,
22.81879195,0,
25.5033557,0,
28.18791946,0,
30.87248322,0,
33.55704698,0,
36.24161074,0,
38.9261745,0,
41.61073826,0,
44.29530201,0,
46.97986577,0,
49.66442953,0,
52.34899329,0,
55.03355705,0,
57.71812081,0,
60.40268456,0,
63.08724832,0,
65.77181208,0,
68.45637584,0,
71.1409396,0,
73.82550336,0,
76.51006711,0,
79.19463087,0,
81.87919463,0,
84.56375839,0,
87.24832215,1,
89.93288591,1,
92.61744966,0,
95.30201342,0,
97.98657718,1,
100.6711409,51,
103.3557047,56,
106.0402685,66,
108.7248322,71,
111.409396,75,
114.0939597,93,
116.7785235,89,
119.4630872,98,
122.147651,92,
124.8322148,121,
127.5167785,123,
130.2013423,121,
132.885906,120,
135.5704698,124,
138.2550336,141,
140.9395973,158,
143.6241611,161,
146.3087248,189,
148.9932886,210,
151.6778523,223,
154.3624161,266,
157.0469799,317,
159.7315436,373,
162.4161074,435,
165.1006711,519,
167.7852349,663,
170.4697987,833,
173.1543624,1100,
175.8389262,1469,
178.5234899,1900,
181.2080537,2717,
183.8926174,4133,
186.5771812,7811,
189.261745,14325,
191.9463087,10661,
194.6308725,355,
197.3154362,4,
200,1,
202.6845638,2,
205.3691275,2,
208.0536913,1,
210.738255,7,
213.4228188,3,
216.1073826,2,
218.7919463,4,
221.4765101,7,
224.1610738,10,
226.8456376,11,
229.5302013,13,
232.2147651,18,
234.8993289,26,
237.5838926,17,
240.2684564,23,
242.9530201,16,
245.6375839,16,
248.3221477,15,
251.0067114,15,
253.6912752,22,
256.3758389,15,
259.0604027,18,
261.7449664,7,
264.4295302,10,
267.114094,11,
269.7986577,13,
272.4832215,13,
275.1677852,11,
277.852349,15,
280.5369128,6,
283.2214765,15,
285.9060403,7,
288.590604,13,
291.2751678,12,
293.9597315,9,
296.6442953,5,
299.3288591,150,
302.0134228,29,
304.6979866,8,
307.3825503,5,
310.0671141,0,
312.7516779,1,
315.4362416,0,
318.1208054,0,
320.8053691,0,
323.4899329,0,
326.1744966,0,
328.8590604,0,
331.5436242,0,
334.2281879,0,
336.9127517,0,
339.5973154,0,
342.2818792,0,
344.966443,0,
347.6510067,0,
350.3355705,0,
353.0201342,0,
355.704698,0,
358.3892617,0,
361.0738255,0,
363.7583893,0,
366.442953,0,
369.1275168,0,
371.8120805,0,
374.4966443,0,
377.1812081,0,
379.8657718,0,
382.5503356,0,
385.2348993,0,
387.9194631,0,
390.6040268,0,
393.2885906,0,
395.9731544,0,
398.6577181,0,
